actual,proposed
0.0,0.0
0.0,0.0
0.0,0.0
0.0,0.0
0.0,0.0
0.0,0.0
0.0,0.0
-0.06908771395683289,-0.005462102126330137
-0.0718885213136673,-0.011378890834748745
-0.07375572621822357,-0.017008798196911812
-0.07562292367219925,-0.02374853938817978
-0.08231135457754135,-0.032153837382793427
-0.08627808094024658,-0.04042661190032959
-0.0882614403963089,-0.04815775528550148
-0.09123647958040237,-0.05683409050107002
-0.09520316869020462,-0.06678856164216995
-0.09851530194282532,-0.07687385380268097
-0.10249559581279755,-0.08818244189023972
-0.10747094452381134,-0.10130704939365387
-0.11344131827354431,-0.10747094452381134
-0.11841660737991333,-0.11841660737991333
-0.12584461271762848,-0.12584461271762848
-0.13289155066013336,-0.13289155066013336
-0.13993841409683228,-0.13993841409683228
-0.14597854018211365,-0.14597854018211365
-0.15403196215629578,-0.15403196215629578
-0.16309194266796112,-0.16309194266796112
-0.15489612519741058,-0.15489612519741058
-0.16214215755462646,-0.16214215755462646
-0.16938813030719757,-0.16938813030719757
-0.17663399875164032,-0.17663399875164032
-0.1838797926902771,-0.1838797926902771
-0.19743956625461578,-0.19743956625461578
-0.20496012270450592,-0.20496012270450592
-0.2124805897474289,-0.2124805897474289
-0.21812087297439575,-0.21812087297439575
-0.22470109164714813,-0.22470109164714813
-0.22390331327915192,-0.22390331327915192
-0.22936350107192993,-0.22936350107192993
-0.23573365807533264,-0.23573365807533264
-0.24119369685649872,-0.24119369685649872
-0.24574369192123413,-0.24574369192123413
-0.26237788796424866,-0.26237788796424866
-0.2671300768852234,-0.2671300768852234
-0.27093181014060974,-0.27093181014060974
-0.2756839096546173,-0.2756839096546173
-0.2794855535030365,-0.2794855535030365
-0.2832871675491333,-0.2794855535030365
-0.311274915933609,-0.311274915933609
-0.3153965175151825,-0.3153965175151825
-0.3184877038002014,-0.3184877038002014
-0.3195180892944336,-0.3195180892944336
-0.3195180892944336,-0.3195180892944336
-0.26082804799079895,-0.26082804799079895
-0.26082804799079895,-0.26082804799079895
-0.26082804799079895,-0.26082804799079895
-0.26082804799079895,-0.26082804799079895
-0.26082804799079895,-0.26082804799079895
-0.24041633307933807,-0.24041633307933807
-0.24041633307933807,-0.24041633307933807
-0.2396358996629715,-0.2396358996629715
-0.23807501792907715,-0.23807501792907715
-0.23729458451271057,-0.23729458451271057
-0.30644071102142334,-0.30644071102142334
-0.3033873438835144,-0.3033873438835144
-0.1999959945678711,-0.1999959945678711
-0.19796237349510193,-0.19796237349510193
-0.19525088369846344,-0.19525088369846344
-0.19321726262569427,-0.19321726262569427
-0.18482241034507751,-0.18482241034507751
-0.18221034109592438,-0.18221034109592438
-0.18025128543376923,-0.18025128543376923
-0.17829221487045288,-0.17829221487045288
-0.17502710223197937,-0.17502710223197937
-0.14439891278743744,-0.17502710223197937
-0.14330504834651947,-0.14330504834651947
-0.14057038724422455,-0.14057038724422455
-0.13947650790214539,-0.13947650790214539
-0.13783571124076843,-0.13783571124076843
-0.1481766253709793,-0.1481766253709793
-0.14698652923107147,-0.14698652923107147
-0.14639148116111755,-0.14639148116111755
-0.14579643309116364,-0.14579643309116364
-0.1446063369512558,-0.1446063369512558
-0.13512052595615387,-0.13512052595615387
-0.13456450402736664,-0.13456450402736664
-0.13456450402736664,-0.13456450402736664
-0.13512052595615387,-0.13512052595615387
-0.1356765478849411,-0.1356765478849411
-0.1373445987701416,-0.1373445987701416
-0.1592152863740921,-0.1592152863740921
-0.16178306937217712,-0.16178306937217712
-0.16370889544487,-0.16370889544487
-0.16627667844295502,-0.16627667844295502
-0.1694863736629486,-0.1694863736629486
-0.17415045201778412,-0.17415045201778412
-0.17738714814186096,-0.17738714814186096
-0.18127115070819855,-0.18127115070819855
-0.18580244481563568,-0.18580244481563568
-0.19033372402191162,-0.19033372402191162
-0.22304661571979523,-0.22304661571979523
-0.23199686408042908,-0.23199686408042908
-0.2387094646692276,-0.2387094646692276
-0.24616777896881104,-0.24616777896881104
-0.25288015604019165,-0.25288015604019165
-0.2375815212726593,-0.2375815212726593
-0.2465582638978958,-0.2465582638978958
-0.25208231806755066,-0.25208231806755066
-0.25829681754112244,-0.25829681754112244
-0.26451119780540466,-0.26451119780540466
-0.26796358823776245,-0.26796358823776245
-0.2915705740451813,-0.2915705740451813
-0.29811280965805054,-0.29811280965805054
-0.30392804741859436,-0.30392804741859436
-0.30974313616752625,-0.30974313616752625
-0.31483128666877747,-0.31483128666877747
-0.30518847703933716,-0.30518847703933716
-0.3100423514842987,-0.3100423514842987
-0.31212255358695984,-0.31212255358695984
-0.31281596422195435,-0.31281596422195435
-0.3148961365222931,-0.3148961365222931
-0.3242836594581604,-0.3242836594581604
-0.3249899446964264,-0.3249899446964264
-0.3256962299346924,-0.3256962299346924
-0.3278150260448456,-0.3278150260448456
-0.3292275369167328,-0.3292275369167328
-0.3755992650985718,-0.3292275369167328
-0.37639978528022766,-0.37639978528022766
-0.3755992650985718,-0.3755992650985718
-0.3747987449169159,-0.3755992650985718
-0.27781012654304504,-0.27781012654304504
-0.2512248754501343,-0.2512248754501343
-0.2501375377178192,-0.2501375377178192
-0.24905018508434296,-0.2501375377178192
-0.2479628175497055,-0.2479628175497055
-0.24687547981739044,-0.24687547981739044
-0.2457880973815918,-0.2457880973815918
-0.22436940670013428,-0.22436940670013428
-0.22287051379680634,-0.22287051379680634
-0.2213716059923172,-0.2213716059923172
-0.21987269818782806,-0.21987269818782806
-0.21837379038333893,-0.21837379038333893
-0.24369306862354279,-0.24369306862354279
-0.24313294887542725,-0.24313294887542725
-0.24201272428035736,-0.24201272428035736
-0.24089248478412628,-0.24089248478412628
-0.2397722601890564,-0.2397722601890564
-0.2217925488948822,-0.2217925488948822
-0.22075141966342926,-0.22075141966342926
-0.2197103053331375,-0.2197103053331375
-0.21918973326683044,-0.21918973326683044
-0.21918973326683044,-0.21918973326683044
-0.19730335474014282,-0.19730335474014282
-0.19730335474014282,-0.19730335474014282
-0.19730335474014282,-0.19730335474014282
-0.1963639259338379,-0.19730335474014282
-0.19589421153068542,-0.1963639259338379
-0.1949547827243805,-0.1949547827243805
-0.22265653312206268,-0.22265653312206268
-0.22372683882713318,-0.22372683882713318
-0.22533227503299713,-0.22372683882713318
-0.22640256583690643,-0.22640256583690643
-0.22693772614002228,-0.22693772614002228
-0.2030028998851776,-0.2030028998851776
-0.20347937941551208,-0.20347937941551208
-0.20395585894584656,-0.20395585894584656
-0.20395585894584656,-0.20395585894584656
-0.20490878820419312,-0.20490878820419312
-0.21461404860019684,-0.20490878820419312
-0.21511192619800568,-0.21511192619800568
-0.21560978889465332,-0.21560978889465332
-0.216605544090271,-0.21560978889465332
-0.21710340678691864,-0.21710340678691864
-0.21809916198253632,-0.21809916198253632
-0.20324808359146118,-0.20324808359146118
-0.1600855439901352,-0.1600855439901352
-0.16044935584068298,-0.16044935584068298
-0.16081315279006958,-0.16081315279006958
-0.16117694973945618,-0.16081315279006958
-0.17954115569591522,-0.17954115569591522
-0.1799464076757431,-0.1799464076757431
-0.18035165965557098,-0.18035165965557098
-0.18075689673423767,-0.18075689673423767
-0.18116213381290436,-0.18075689673423767
-0.14241351187229156,-0.14241351187229156
-0.14273136854171753,-0.14273136854171753
-0.14336711168289185,-0.14336711168289185
-0.14432071149349213,-0.14432071149349213
-0.1452743113040924,-0.1452743113040924
-0.15014398097991943,-0.15014398097991943
-0.15144950151443481,-0.15144950151443481
-0.1527549922466278,-0.1527549922466278
-0.154060497879982,-0.154060497879982
-0.15536600351333618,-0.15536600351333618
-0.15699787437915802,-0.15699787437915802
-0.14560621976852417,-0.14560621976852417
-0.14740370213985443,-0.14560621976852417
-0.14890159666538239,-0.14740370213985443
-0.15099866688251495,-0.14890159666538239
-0.15309572219848633,-0.15309572219848633
-0.15650251507759094,-0.15650251507759094
-0.1586131751537323,-0.1586131751537323
-0.16102536022663116,-0.16102536022663116
-0.16343751549720764,-0.16102536022663116
-0.16615121066570282,-0.16615121066570282
-0.21907706558704376,-0.21907706558704376
-0.2222062647342682,-0.2222062647342682
-0.2249443084001541,-0.2249443084001541
-0.22846461832523346,-0.22846461832523346
-0.2319849133491516,-0.2319849133491516
-0.27835947275161743,-0.2319849133491516
-0.28113776445388794,-0.27835947275161743
-0.28391605615615845,-0.28391605615615845
-0.2871573567390442,-0.2871573567390442
-0.29039862751960754,-0.29039862751960754
-0.3055165112018585,-0.29039862751960754
-0.3088887631893158,-0.3088887631893158
-0.3112974762916565,-0.3112974762916565
-0.3141879141330719,-0.3141879141330719
-0.3165965974330902,-0.3165965974330902
-0.2627622187137604,-0.2627622187137604
-0.24125847220420837,-0.24125847220420837
-0.2419806867837906,-0.2419806867837906
-0.2419806867837906,-0.2419806867837906
-0.2423417717218399,-0.2423417717218399
-0.2427028864622116,-0.2427028864622116
-0.24635188281536102,-0.24635188281536102
-0.2467184215784073,-0.2467184215784073
-0.24745146930217743,-0.24745146930217743
-0.2478179931640625,-0.2478179931640625
-0.24818451702594757,-0.24818451702594757
-0.2950763702392578,-0.2950763702392578
-0.2946406304836273,-0.2946406304836273
-0.29376915097236633,-0.29376915097236633
-0.29333341121673584,-0.29333341121673584
-0.29333341121673584,-0.29333341121673584
-0.33092692494392395,-0.33092692494392395
-0.33092692494392395,-0.33092692494392395
-0.33092692494392395,-0.33092692494392395
-0.3314177393913269,-0.3314177393913269
-0.3314177393913269,-0.3314177393913269
-0.33190858364105225,-0.33190858364105225
-0.37093740701675415,-0.37093740701675415
-0.3720311224460602,-0.3720311224460602
-0.373124897480011,-0.373124897480011
-0.373124897480011,-0.373124897480011
-0.3736717700958252,-0.3736717700958252
-0.38925623893737793,-0.38925623893737793
-0.3903938829898834,-0.3903938829898834
-0.39210036396980286,-0.39210036396980286
-0.34205591678619385,-0.34205591678619385
-0.34304556250572205,-0.34304556250572205
-0.37187525629997253,-0.37187525629997253
-0.37187525629997253,-0.37187525629997253
-0.3724116384983063,-0.3724116384983063
-0.3724116384983063,-0.3724116384983063
-0.3729480504989624,-0.3729480504989624
-0.3729480504989624,-0.3729480504989624
-0.3574502468109131,-0.3574502468109131
-0.3579636216163635,-0.3579636216163635
-0.3579636216163635,-0.3579636216163635
-0.3589903712272644,-0.3589903712272644
-0.3600171208381653,-0.3600171208381653
-0.3705211281776428,-0.3705211281776428
-0.3715732991695404,-0.3715732991695404
-0.3726254999637604,-0.3726254999637604
-0.37420374155044556,-0.37420374155044556
-0.37578198313713074,-0.37578198313713074
-0.43392235040664673,-0.43392235040664673
-0.4363417327404022,-0.4363417327404022
-0.43876105546951294,-0.43876105546951294
-0.44118040800094604,-0.44118040800094604
-0.4429948329925537,-0.4429948329925537
-0.4715675711631775,-0.4715675711631775
-0.47349098324775696,-0.47349098324775696
-0.42240166664123535,-0.42240166664123535
-0.4246774911880493,-0.4246774911880493
-0.4263843595981598,-0.4263843595981598
-0.4705367386341095,-0.4705367386341095
-0.473034530878067,-0.473034530878067
-0.4761567711830139,-0.4761567711830139
-0.4786545932292938,-0.4786545932292938
-0.48115232586860657,-0.48115232586860657
-0.4836500585079193,-0.4836500585079193
-0.5393638610839844,-0.5393638610839844
-0.5435143709182739,-0.5435143709182739
-0.5462813377380371,-0.5462813377380371
-0.5497400164604187,-0.5497400164604187
-0.5538904070854187,-0.5538904070854187
-0.5959321856498718,-0.5959321856498718
-0.5996295809745789,-0.5996295809745789
-0.6025874018669128,-0.6025874018669128
-0.6062847375869751,-0.6062847375869751
-0.6092424988746643,-0.6092424988746643
-0.6583497524261475,-0.6583497524261475
-0.6615298390388489,-0.6583497524261475
-0.6655048131942749,-0.6655048131942749
-0.6694796681404114,-0.6694796681404114
-0.6726595163345337,-0.6726595163345337
-0.7731040120124817,-0.7731040120124817
-0.7712302803993225,-0.7712302803993225
-0.7748317718505859,-0.7748317718505859
-0.7793336510658264,-0.7793336510658264
-0.7829349040985107,-0.7829349040985107
-0.8587606549263,-0.7829349040985107
-0.8636736869812012,-0.8636736869812012
-0.8676038980484009,-0.8676038980484009
-0.8705514073371887,-0.8705514073371887
-0.8744814991950989,-0.8705514073371887
-0.8784113526344299,-0.8784113526344299
-0.9930347204208374,-0.8784113526344299
-0.9974545240402222,-0.9974545240402222
-0.9996643662452698,-0.9996643662452698
-1.002979040145874,-1.002979040145874
-1.0051887035369873,-1.0051887035369873
-1.0633149147033691,-1.0633149147033691
-1.0633149147033691,-1.0633149147033691
-1.0644819736480713,-1.0633149147033691
-1.0691498517990112,-1.0644819736480713
-1.0714837312698364,-1.0714837312698364
-1.3484917879104614,-1.0714837312698364
-1.3470228910446167,-1.3470228910446167
-1.3499605655670166,-1.3499605655670166
-1.3528982400894165,-1.3528982400894165
-1.3573042154312134,-1.3573042154312134
-1.5573174953460693,-1.5573174953460693
-1.5589995384216309,-1.5589995384216309
-1.562363624572754,-1.5589995384216309
-1.562363624572754,-1.562363624572754
-1.562363624572754,-1.562363624572754
-1.5640455484390259,-1.5640455484390259
-1.7891957759857178,-1.7891957759857178
-1.791113257408142,-1.7891957759857178
-1.7930307388305664,-1.791113257408142
-1.7987827062606812,-1.7987827062606812
-1.8006999492645264,-1.8006999492645264
-2.0170812606811523,-2.0170812606811523
-2.0213654041290283,-2.0213654041290283
-2.0235073566436768,-2.0235073566436768
-2.0235073566436768,-2.0235073566436768
-2.0235073566436768,-2.0235073566436768
-2.4711484909057617,-2.4711484909057617
-2.473745346069336,-2.473745346069336
-2.473745346069336,-2.473745346069336
-2.476341962814331,-2.473745346069336
-2.473745346069336,-2.476341962814331
-2.473745346069336,-2.473745346069336
-2.884892463684082,-2.884892463684082
-2.884892463684082,-2.884892463684082
-2.890901565551758,-2.890901565551758
-2.8939056396484375,-2.8939056396484375
-2.8999130725860596,-2.8999130725860596
-3.1076269149780273,-3.1076269149780273
-3.110826253890991,-3.1076269149780273
-3.114025354385376,-3.114025354385376
-3.1076269149780273,-3.1076269149780273
-3.1076269149780273,-3.1076269149780273
-3.464747428894043,-3.464747428894043
-3.461209535598755,-3.464747428894043
-3.461209535598755,-3.461209535598755
-3.461209535598755,-3.461209535598755
-3.4576711654663086,-3.4576711654663086
-3.6787192821502686,-3.6787192821502686
-3.6824653148651123,-3.6824653148651123
-3.6824653148651123,-3.6824653148651123
-3.6824653148651123,-3.6824653148651123
-3.6824653148651123,-3.6824653148651123
-3.880425453186035,-3.880425453186035
-3.8725829124450684,-3.8725829124450684
-3.8647384643554688,-3.8725829124450684
-3.8686609268188477,-3.8686609268188477
-3.8686609268188477,-3.8686609268188477
-4.008702278137207,-4.008702278137207
-4.00465202331543,-4.00465202331543
-4.000600337982178,-4.00465202331543
-3.996548652648926,-3.996548652648926
-3.996548652648926,-3.996548652648926
-4.058136940002441,-4.058136940002441
-4.058136940002441,-4.058136940002441
-4.054023742675781,-4.054023742675781
-4.049910068511963,-4.049910068511963
-4.049910068511963,-4.049910068511963
-4.1889519691467285,-4.1889519691467285
-4.1931915283203125,-4.1931915283203125
-4.1931915283203125,-4.1931915283203125
-4.1931915283203125,-4.1931915283203125
-4.1889519691467285,-4.1889519691467285
-4.37698221206665,-4.37698221206665
-4.37698221206665,-4.37698221206665
-4.37698221206665,-4.37698221206665
-4.37698221206665,-4.37698221206665
-4.37698221206665,-4.37698221206665
-4.37698221206665,-4.37698221206665
-4.463987827301025,-4.463987827301025
-4.459506988525391,-4.459506988525391
-4.459506988525391,-4.459506988525391
-4.459506988525391,-4.459506988525391
-4.455025672912598,-4.455025672912598
-4.815515041351318,-4.815515041351318
-4.820308685302734,-4.820308685302734
-4.815515041351318,-4.815515041351318
-4.810719966888428,-4.810719966888428
-4.805923938751221,-4.805923938751221
-5.2202839851379395,-5.2202839851379395
-5.20997428894043,-5.2202839851379395
-5.204817771911621,-5.204817771911621
-5.204817771911621,-5.204817771911621
-5.19965934753418,-5.19965934753418
-5.446568489074707,-5.19965934753418
-5.441202640533447,-5.441202640533447
-5.441202640533447,-5.441202640533447
-5.451932907104492,-5.451932907104492
-5.441202640533447,-5.441202640533447
-5.690828323364258,-5.441202640533447
-5.685257911682129,-5.685257911682129
-5.690828323364258,-5.690828323364258
-5.679686069488525,-5.679686069488525
-5.679686069488525,-5.679686069488525
-5.9930572509765625,-5.679686069488525
-5.987244129180908,-5.987244129180908
-5.981428623199463,-5.981428623199463
-5.987244129180908,-5.987244129180908
-5.987244129180908,-5.987244129180908
-6.31361722946167,-5.987244129180908
-6.301506042480469,-6.31361722946167
-6.301506042480469,-6.301506042480469
-6.28938627243042,-6.28938627243042
-6.283323287963867,-6.283323287963867
-6.610625743865967,-6.610625743865967
-6.604323387145996,-6.604323387145996
-6.604323387145996,-6.604323387145996
-6.604323387145996,-6.604323387145996
-6.598017692565918,-6.598017692565918
-6.591710090637207,-6.591710090637207
-6.822286128997803,-6.822286128997803
-6.81581974029541,-6.81581974029541
-6.8028788566589355,-6.8028788566589355
-6.796403884887695,-6.796403884887695
-6.796403884887695,-6.796403884887695
-7.195815563201904,-7.195815563201904
-7.20253324508667,-7.20253324508667
-7.195815563201904,-7.195815563201904
-7.195815563201904,-7.195815563201904
-7.195815563201904,-7.195815563201904
-7.369630813598633,-7.369630813598633
-7.376453876495361,-7.376453876495361
-7.376453876495361,-7.376453876495361
-7.369630813598633,-7.369630813598633
-7.362804889678955,-7.362804889678955
-7.464915752410889,-7.464915752410889
-7.451131343841553,-7.451131343841553
-7.437332630157471,-7.437332630157471
-7.437332630157471,-7.437332630157471
-7.4442338943481445,-7.4442338943481445
-7.451131343841553,-7.451131343841553
-7.60559606552124,-7.60559606552124
-7.612579822540283,-7.60559606552124
-7.626534461975098,-7.626534461975098
-7.626534461975098,-7.626534461975098
-7.619559288024902,-7.619559288024902
-7.7700581550598145,-7.7700581550598145
-7.762994289398193,-7.762994289398193
-7.755927085876465,-7.755927085876465
-7.755927085876465,-7.755927085876465
-7.762994289398193,-7.762994289398193
-7.708244800567627,-7.708244800567627
-7.687028884887695,-7.687028884887695
-7.665777206420898,-7.665777206420898
-7.651590824127197,-7.665777206420898
-7.644491195678711,-7.644491195678711
-7.71612548828125,-7.644491195678711
-7.730384826660156,-7.730384826660156
-7.730384826660156,-7.730384826660156
-7.70898962020874,-7.70898962020874
-7.694705486297607,-7.694705486297607
-7.687557697296143,-7.694705486297607
-7.7137603759765625,-7.7137603759765625
-7.706593990325928,-7.706593990325928
-7.699423789978027,-7.699423789978027
-7.692249298095703,-7.692249298095703
-7.706593990325928,-7.706593990325928
-7.77522087097168,-7.77522087097168
-7.768012523651123,-7.768012523651123
-7.77522087097168,-7.77522087097168
-7.782426357269287,-7.782426357269287
-7.782426357269287,-7.782426357269287
-7.877930164337158,-7.782426357269287
-7.8851752281188965,-7.8851752281188965
-7.899653911590576,-7.899653911590576
-7.914114475250244,-7.914114475250244
-7.92133903503418,-7.92133903503418
-7.90435791015625,-7.90435791015625
-7.918760299682617,-7.918760299682617
-7.933145523071289,-7.933145523071289
-7.940331935882568,-7.940331935882568
-7.954692840576172,-7.954692840576172
-7.976202487945557,-7.976202487945557
-8.069795608520508,-8.0
-8.076990127563477,-8.0
-8.084179878234863,-8.0
-8.091364860534668,-8.0
-8.098546981811523,-8.0
-8.157495498657227,-8.0
-8.179054260253906,-8.0
-8.200573921203613,-8.0
-8.222055435180664,-8.0
-8.243497848510742,-8.0
-8.281332969665527,-8.0
-8.288481712341309,-8.0
-8.302766799926758,-8.0
-8.302766799926758,-8.0
-8.317034721374512,-8.0
-8.535489082336426,-8.0
-8.549919128417969,-8.0
-8.564332008361816,-8.0
-8.57872486114502,-8.0
-8.585914611816406,-8.0
-8.585914611816406,-8.0
-8.678116798400879,-8.0
-8.678116798400879,-8.0
-8.678116798400879,-8.0
-8.670896530151367,-8.0
-8.670896530151367,-8.0
-8.615765571594238,-8.0
-8.615765571594238,-8.0
-8.615765571594238,-8.0
-8.615765571594238,-8.0
-8.622970581054688,-8.0
-8.562996864318848,-8.0
-8.570172309875488,-8.0
-8.570172309875488,-8.0
-8.562996864318848,-8.0
-8.570172309875488,-8.0
-8.634302139282227,-8.0
-8.634302139282227,-8.0
-8.64867877960205,-8.0
-8.64867877960205,-8.0
-8.655858993530273,-8.0
-8.655858993530273,-8.0
-8.782989501953125,-8.0
-8.775749206542969,-8.0
-8.76850414276123,-8.0
-8.775749206542969,-8.0
-8.775749206542969,-8.0
-8.722200393676758,-8.0
-8.736632347106934,-8.0
-8.743842124938965,-8.0
-8.729418754577637,-8.0
-8.714977264404297,-8.0
-8.79126262664795,-8.0
-8.784004211425781,-8.0
-8.776740074157715,-8.0
-8.769472122192383,-8.0
-8.776740074157715,-8.0
-8.795136451721191,-8.0
-8.787860870361328,-8.0
-8.773295402526855,-8.0
-8.773295402526855,-8.0
-8.766005516052246,-8.0
-8.751410484313965,-8.0
-8.78587532043457,-8.0
-8.778533935546875,-8.0
-8.771186828613281,-8.0
-8.756478309631348,-8.0
-8.749115943908691,-8.0
-8.79182243347168,-8.0
-8.784445762634277,-8.0
-8.784445762634277,-8.0
-8.77706527709961,-8.0
-8.77706527709961,-8.0
-8.776637077331543,-8.0
-8.776637077331543,-8.0
-8.769259452819824,-8.0
-8.754488945007324,-8.0
-8.732295989990234,-8.0
-8.71284008026123,-8.0
-8.698003768920898,-8.0
-8.668272972106934,-8.0
-8.64592170715332,-8.0
-8.61605167388916,-8.0
-8.617321968078613,-8.0
-8.594791412353516,-8.0
-8.564679145812988,-8.0
-8.549592971801758,-8.0
-8.542043685913086,-8.0
-8.51936149597168,-8.0
-8.516014099121094,-8.0
-8.500802040100098,-8.0
-8.493188858032227,-8.0
-8.470318794250488,-8.0
-8.462685585021973,-8.0
-8.44764518737793,-8.0
-8.432341575622559,-8.0
-8.432341575622559,-8.0
-8.432341575622559,-8.0
-8.424683570861816,-8.0
-8.350308418273926,-8.0
-8.350308418273926,-8.0
-8.357948303222656,-8.0
-8.365584373474121,-8.0
-8.373214721679688,-8.0
-8.380840301513672,-8.0
-8.235908508300781,-8.0
-8.250985145568848,-8.0
-8.273563385009766,-8.0
-8.296099662780762,-8.0
-8.311100006103516,-8.0
-8.356457710266113,-8.0
-8.378911972045898,-8.0
-8.401322364807129,-8.0
-8.423690795898438,-8.0
-8.431137084960938,-8.0
-8.393301010131836,-8.0
-8.415485382080078,-8.0
-8.452363967895508,-8.0
-8.481781959533691,-8.0
-8.525768280029297,-8.0
-8.464110374450684,-8.0
-8.493075370788574,-8.0
-8.521966934204102,-8.0
-8.543587684631348,-8.0
-8.557978630065918,-8.0
-8.572351455688477,-8.0
-8.53104019165039,-8.0
-8.545330047607422,-8.0
-8.545330047607422,-8.0
-8.545330047607422,-8.0
-8.545330047607422,-8.0
-8.506413459777832,-8.0
-8.492142677307129,-8.0
-8.485000610351562,-8.0
-8.477853775024414,-8.0
-8.470703125,-8.0
-8.412928581237793,-8.0
-8.398649215698242,-8.0
-8.39150333404541,-8.0
-8.39150333404541,-8.0
-8.398649215698242,-8.0
-8.309181213378906,-8.0
-8.294936180114746,-8.0
-8.3020601272583,-8.0
-8.31629753112793,-8.0
-8.31629753112793,-8.0
-8.215087890625,-8.0
-8.208011627197266,-8.0
-8.208011627197266,-8.0
-8.215087890625,-8.0
-8.222160339355469,-8.0
-8.229228973388672,-8.0
-8.25341510772705,-8.0
-8.25341510772705,-8.0
-8.25341510772705,-8.0
-8.25341510772705,-8.0
-8.26047420501709,-8.0
-8.222904205322266,-8.0
-8.22994327545166,-8.0
-8.222904205322266,-8.0
-8.215862274169922,-8.0
-8.215862274169922,-8.0
-8.208462715148926,-8.0
-8.208462715148926,-8.0
-8.194372177124023,-8.0
-8.180264472961426,-8.0
-8.166141510009766,-8.0
-8.026017189025879,-8.0
-8.005006790161133,-8.0
-8.005006790161133,-8.0
-7.99098014831543,-7.99098014831543
-7.976938247680664,-7.976938247680664
-7.976938247680664,-7.976938247680664
-7.849761962890625,-7.849761962890625
-7.856727123260498,-7.856727123260498
-7.856727123260498,-7.856727123260498
-7.842792987823486,-7.842792987823486
-7.842792987823486,-7.842792987823486
-7.726785182952881,-7.726785182952881
-7.726785182952881,-7.726785182952881
-7.726785182952881,-7.726785182952881
-7.699121475219727,-7.699121475219727
-7.685266971588135,-7.685266971588135
-7.526437282562256,-7.526437282562256
-7.498922348022461,-7.498922348022461
-7.478249549865723,-7.478249549865723
-7.457544326782227,-7.457544326782227
-7.436807155609131,-7.436807155609131
-7.252095699310303,-7.252095699310303
-7.231594562530518,-7.231594562530518
-7.2179107666015625,-7.2179107666015625
-7.211063861846924,-7.211063861846924
-7.1836419105529785,-7.1836419105529785
-6.997929573059082,-7.1836419105529785
-6.984393119812012,-6.984393119812012
-6.970844745635986,-6.970844745635986
-6.9640655517578125,-6.9640655517578125
-6.943708419799805,-6.943708419799805
-6.936916351318359,-6.936916351318359
-6.732686996459961,-6.732686996459961
-6.719359397888184,-6.719359397888184
-6.712690830230713,-6.712690830230713
-6.69266939163208,-6.69266939163208
-6.6859893798828125,-6.6859893798828125
-6.561649799346924,-6.561649799346924
-6.568248271942139,-6.568248271942139
-6.568248271942139,-6.568248271942139
-6.568248271942139,-6.568248271942139
-6.561649799346924,-6.561649799346924
-6.473837375640869,-6.473837375640869
-6.493385314941406,-6.493385314941406
-6.512909889221191,-6.512909889221191
-6.525912284851074,-6.525912284851074
-6.545396327972412,-6.545396327972412
-6.564855575561523,-6.564855575561523
-6.496432304382324,-6.496432304382324
-6.521972179412842,-6.521972179412842
-6.5410990715026855,-6.5410990715026855
-6.566566467285156,-6.566566467285156
-6.579283714294434,-6.579283714294434
-6.451158046722412,-6.451158046722412
-6.476119518280029,-6.476119518280029
-6.494815349578857,-6.476119518280029
-6.507266521453857,-6.507266521453857
-6.532139778137207,-6.532139778137207
-6.363232135772705,-6.363232135772705
-6.381467342376709,-6.381467342376709
-6.39968204498291,-6.39968204498291
-6.411813735961914,-6.411813735961914
-6.429994106292725,-6.429994106292725
-6.442340850830078,-6.442340850830078
-6.454428195953369,-6.454428195953369
-6.460468292236328,-6.460468292236328
-6.466506004333496,-6.466506004333496
-6.478574275970459,-6.478574275970459
-6.427638530731201,-6.427638530731201
-6.433621883392334,-6.427638530731201
-6.433621883392334,-6.433621883392334
-6.439602851867676,-6.439602851867676
-6.445581912994385,-6.445581912994385
-6.439602851867676,-6.439602851867676
-6.332334995269775,-6.332334995269775
-6.338240146636963,-6.338240146636963
-6.344143390655518,-6.344143390655518
-6.338240146636963,-6.338240146636963
-6.332334995269775,-6.332334995269775
-6.251317024230957,-6.251317024230957
-6.257165908813477,-6.257165908813477
-6.251317024230957,-6.251317024230957
-6.257165908813477,-6.257165908813477
-6.245466232299805,-6.245466232299805
-6.154409408569336,-6.154409408569336
-6.154409408569336,-6.154409408569336
-6.154409408569336,-6.154409408569336
-6.148626804351807,-6.148626804351807
-6.154409408569336,-6.154409408569336
-6.062010288238525,-6.062010288238525
-6.06773042678833,-6.06773042678833
-6.062010288238525,-6.062010288238525
-6.050564289093018,-6.050564289093018
-6.050564289093018,-6.050564289093018
-6.033381462097168,-6.033381462097168
-5.932002067565918,-5.932002067565918
-5.926339149475098,-5.926339149475098
-5.9150071144104,-5.9150071144104
-5.926339149475098,-5.926339149475098
-5.920673847198486,-5.920673847198486
-5.919516086578369,-5.919516086578369
-5.902513027191162,-5.902513027191162
-5.9138503074646,-5.9138503074646
-5.919516086578369,-5.919516086578369
-5.908182621002197,-5.908182621002197
-5.82130765914917,-5.82130765914917
-5.82130765914917,-5.82130765914917
-5.815697193145752,-5.815697193145752
-5.815697193145752,-5.815697193145752
-5.815697193145752,-5.815697193145752
-5.810084819793701,-5.815697193145752
-5.723479747772217,-5.723479747772217
-5.717926025390625,-5.717926025390625
-5.717926025390625,-5.717926025390625
-5.7123703956604,-5.7123703956604
-5.706813812255859,-5.706813812255859
-5.555794715881348,-5.706813812255859
-5.5448994636535645,-5.5448994636535645
-5.539449691772461,-5.539449691772461
-5.5448994636535645,-5.5448994636535645
-5.539449691772461,-5.539449691772461
-5.450235843658447,-5.450235843658447
-5.450235843658447,-5.450235843658447
-5.444855690002441,-5.444855690002441
-5.439474105834961,-5.439474105834961
-5.434090614318848,-5.439474105834961
-5.400792598724365,-5.400792598724365
-5.390028953552246,-5.400792598724365
-5.390028953552246,-5.390028953552246
-5.37925910949707,-5.390028953552246
-5.363092422485352,-5.37925910949707
-5.299263000488281,-5.299263000488281
-5.288547992706299,-5.288547992706299
-5.267101764678955,-5.267101764678955
-5.256369113922119,-5.256369113922119
-5.240260601043701,-5.240260601043701
-5.229514122009277,-5.229514122009277
-5.02830171585083,-5.02830171585083
-5.017873287200928,-5.017873287200928
-5.007438659667969,-5.007438659667969
-4.991777420043945,-4.991777420043945
-4.9708781242370605,-4.9708781242370605
-4.801388263702393,-4.801388263702393
-4.79121208190918,-4.801388263702393
-4.786121845245361,-4.79121208190918
-4.786121845245361,-4.786121845245361
-4.539906024932861,-4.539906024932861
-4.544774532318115,-4.544774532318115
-4.544774532318115,-4.544774532318115
-4.544774532318115,-4.544774532318115
-4.544774532318115,-4.544774532318115
-4.3500261306762695,-4.3500261306762695
-4.354715824127197,-4.354715824127197
-4.359404563903809,-4.359404563903809
-4.3640923500061035,-4.3640923500061035
-4.368779182434082,-4.368779182434082
-4.378150463104248,-4.378150463104248
-4.231828212738037,-4.231828212738037
-4.240907669067383,-4.240907669067383
-4.249984264373779,-4.249984264373779
-4.254521369934082,-4.254521369934082
-4.259057998657227,-4.259057998657227
-4.087069034576416,-4.087069034576416
-4.0914306640625,-4.0914306640625
-4.095791816711426,-4.095791816711426
-4.100152492523193,-4.100152492523193
-4.1045122146606445,-4.1045122146606445
-3.991050958633423,-3.991050958633423
-4.003758430480957,-3.991050958633423
-4.012226581573486,-4.012226581573486
-4.033385276794434,-4.033385276794434
-4.0545268058776855,-4.0545268058776855
-3.9935684204101562,-3.9935684204101562
-3.9977283477783203,-3.9977283477783203
-3.9977283477783203,-3.9977283477783203
-4.006046295166016,-4.006046295166016
-4.01436185836792,-4.01436185836792
-4.026830196380615,-4.026830196380615
-3.8256213665008545,-3.8256213665008545
-3.8295836448669434,-3.8295836448669434
-3.8414673805236816,-3.8414673805236816
-3.849386692047119,-3.849386692047119
-3.8533456325531006,-3.8533456325531006
-3.708320140838623,-3.708320140838623
-3.71213436126709,-3.71213436126709
-3.7159481048583984,-3.7159481048583984
-3.7159481048583984,-3.7159481048583984
-3.7197611331939697,-3.7197611331939697
-3.6358752250671387,-3.6358752250671387
-3.6358752250671387,-3.6358752250671387
-3.6358752250671387,-3.6358752250671387
-3.632140874862671,-3.632140874862671
-3.628406047821045,-3.628406047821045
-3.507593870162964,-3.507593870162964
-3.5148255825042725,-3.5148255825042725
-3.5039772987365723,-3.5039772987365723
-3.4967427253723145,-3.4967427253723145
-3.4931247234344482,-3.4967427253723145
-3.4931247234344482,-3.4931247234344482
-3.3597419261932373,-3.3597419261932373
-3.3597419261932373,-3.3597419261932373
-3.3597419261932373,-3.3597419261932373
-3.3597419261932373,-3.3597419261932373
-3.3597419261932373,-3.3597419261932373
-3.1790361404418945,-3.1790361404418945
-3.1790361404418945,-3.1790361404418945
-3.1823501586914062,-3.1790361404418945
-3.1823501586914062,-3.1823501586914062
-3.1757216453552246,-3.1757216453552246
-2.975708246231079,-2.975708246231079
-2.9663443565368652,-2.9663443565368652
-2.9632225036621094,-2.9632225036621094
-2.9663443565368652,-2.9663443565368652
-2.9632225036621094,-2.9632225036621094
-2.7339043617248535,-2.7339043617248535
-2.7310028076171875,-2.7310028076171875
-2.722297191619873,-2.722297191619873
-2.7193949222564697,-2.7193949222564697
-2.7193949222564697,-2.7193949222564697
-2.6327948570251465,-2.6327948570251465
-2.6299777030944824,-2.6299777030944824
-2.624342679977417,-2.624342679977417
-2.6187069416046143,-2.6187069416046143
-2.615889072418213,-2.615889072418213
-2.5256075859069824,-2.5256075859069824
-2.53105092048645,-2.53105092048645
-2.53105092048645,-2.53105092048645
-2.5201637744903564,-2.5201637744903564
-2.511996269226074,-2.511996269226074
-2.3230535984039307,-2.3230535984039307
-2.3205230236053467,-2.3230535984039307
-2.3205230236053467,-2.3205230236053467
-2.3179922103881836,-2.3179922103881836
-2.3154613971710205,-2.3154613971710205
-2.1122145652770996,-2.1122145652770996
-2.109894037246704,-2.109894037246704
-2.105253219604492,-2.105253219604492
-2.100611686706543,-2.100611686706543
-2.0959696769714355,-2.0959696769714355
-2.093648672103882,-2.093648672103882
-1.8655825853347778,-1.8655825853347778
-1.8635015487670898,-1.8635015487670898
-1.8635015487670898,-1.8635015487670898
-1.8614202737808228,-1.8614202737808228
-1.8593391180038452,-1.8614202737808228
-1.726046085357666,-1.726046085357666
-1.7241113185882568,-1.7241113185882568
-1.7241113185882568,-1.7241113185882568
-1.7241113185882568,-1.7241113185882568
-1.7221763134002686,-1.7221763134002686
-1.5228378772735596,-1.5228378772735596
-1.5211156606674194,-1.5211156606674194
-1.5211156606674194,-1.5211156606674194
-1.5211156606674194,-1.5211156606674194
-1.5193934440612793,-1.5193934440612793
-1.3468658924102783,-1.3468658924102783
-1.3468658924102783,-1.3468658924102783
-1.3483966588974,-1.3483966588974
-1.3483966588974,-1.3483966588974
-1.3514580726623535,-1.3514580726623535
-1.1907718181610107,-1.1907718181610107
-1.1934665441513062,-1.1934665441513062
-1.196160912513733,-1.196160912513733
-1.196160912513733,-1.196160912513733
-1.196160912513733,-1.196160912513733
-1.0203853845596313,-1.0203853845596313
-1.023829460144043,-1.0203853845596313
-1.026125431060791,-1.023829460144043
-1.031865119934082,-1.031865119934082
-0.9014498591423035,-0.9014498591423035
-0.9044572710990906,-0.9014498591423035
-0.9054597616195679,-0.9044572710990906
-0.9074646234512329,-0.9074646234512329
-0.9094694256782532,-0.9094694256782532
-0.844136655330658,-0.844136655330658
-0.8459960222244263,-0.8459960222244263
-0.8459960222244263,-0.8459960222244263
-0.8478553295135498,-0.8478553295135498
-0.8506443500518799,-0.8506443500518799
-0.7374765872955322,-0.7374765872955322
-0.7398931384086609,-0.7398931384086609
-0.7415041923522949,-0.7415041923522949
-0.743115246295929,-0.743115246295929
-0.7447261810302734,-0.7447261810302734
-0.747948169708252,-0.747948169708252
-0.6621240973472595,-0.6621240973472595
-0.6635491251945496,-0.6635491251945496
-0.6656867861747742,-0.6656867861747742
-0.6671118140220642,-0.6671118140220642
-0.6685368418693542,-0.6685368418693542
-0.5756711959838867,-0.5756711959838867
-0.5762836933135986,-0.5762836933135986
-0.5762836933135986,-0.5762836933135986
-0.5768961310386658,-0.5762836933135986
-0.5775085091590881,-0.5775085091590881
-0.4736423194408417,-0.4736423194408417
-0.47414425015449524,-0.47414425015449524
-0.4746462106704712,-0.47414425015449524
-0.47514814138412476,-0.47514814138412476
-0.4756500720977783,-0.4756500720977783
-0.39310121536254883,-0.4756500720977783
-0.39310121536254883,-0.39310121536254883
-0.39351657032966614,-0.39351657032966614
-0.394347220659256,-0.394347220659256
-0.3951779305934906,-0.394347220659256
-0.3951779305934906,-0.3951779305934906
-0.3048756718635559,-0.3048756718635559
-0.3045561909675598,-0.3045561909675598
-0.3042367100715637,-0.3045561909675598
-0.3045561909675598,-0.3045561909675598
-0.3045561909675598,-0.3045561909675598
-0.16178196668624878,-0.16178196668624878
-0.16178196668624878,-0.16178196668624878
-0.16178196668624878,-0.16178196668624878
-0.16178196668624878,-0.16178196668624878
0.02143363654613495,0.02143363654613495
0.021411053836345673,0.021411053836345673
0.021411053836345673,0.021411053836345673
0.021411053836345673,0.021411053836345673
0.021411053836345673,0.021411053836345673
0.1739450991153717,0.1739450991153717
0.1739450991153717,0.1739450991153717
0.1739450991153717,0.1739450991153717
0.17376163601875305,0.1739450991153717
0.1735781580209732,0.1735781580209732
0.17376163601875305,0.17376163601875305
